일자,요일,훈련시간,교과목
22-10-25,화,09:10~10:00,입학식
22-10-25,화,10:10~11:00,재량교과
22-10-25,화,11:10~12:00,웹프로그래밍 실습
22-10-25,화,12:10~13:00,웹프로그래밍 실습
22-10-25,화,14:00~14:50,웹프로그래밍 실습
22-10-25,화,15:00~15:50,웹프로그래밍 실습
22-10-26,수,09:10~10:00,웹프로그래밍 실습
22-10-26,수,10:10~11:00,웹프로그래밍 실습
22-10-26,수,11:10~12:00,웹프로그래밍 실습
22-10-26,수,12:10~13:00,웹프로그래밍 실습
22-10-26,수,14:00~14:50,웹프로그래밍 실습
22-10-26,수,15:00~15:50,웹프로그래밍 실습
22-10-26,수,16:00~16:50,웹프로그래밍 실습
22-10-27,목,09:10~10:00,요구사항 분석과 계획수립 실습
22-10-27,목,10:10~11:00,요구사항 분석과 계획수립 실습
22-10-27,목,11:10~12:00,요구사항 분석과 계획수립 실습
22-10-27,목,12:10~13:00,요구사항 분석과 계획수립 실습
22-10-27,목,14:00~14:50,요구사항 분석과 계획수립 실습
22-10-27,목,15:00~15:50,요구사항 분석과 계획수립 실습
22-10-27,목,16:00~16:50,요구사항 분석과 계획수립 실습
22-10-28,금,09:10~10:00,웹프로그래밍 실습
22-10-28,금,10:10~11:00,웹프로그래밍 실습
22-10-28,금,11:10~12:00,웹프로그래밍 실습
22-10-28,금,12:10~13:00,웹프로그래밍 실습
22-10-28,금,14:00~14:50,웹프로그래밍 실습
22-10-28,금,15:00~15:50,웹프로그래밍 실습
22-11-1,화,09:10~10:00,요구사항 분석과 계획수립 실습
22-11-1,화,10:10~11:00,요구사항 분석과 계획수립 실습
22-11-1,화,11:10~12:00,요구사항 분석과 계획수립 실습
22-11-1,화,12:10~13:00,요구사항 분석과 계획수립 실습
22-11-1,화,14:00~14:50,요구사항 분석과 계획수립 실습
22-11-1,화,15:00~15:50,요구사항 분석과 계획수립 실습
22-11-1,화,16:00~16:50,요구사항 분석과 계획수립 실습
22-11-2,수,09:10~10:00,요구사항 분석과 계획수립 실습
22-11-2,수,10:10~11:00,요구사항 분석과 계획수립 실습
22-11-2,수,11:10~12:00,요구사항 분석과 계획수립 실습
22-11-2,수,12:10~13:00,요구사항 분석과 계획수립 실습
22-11-2,수,14:00~14:50,요구사항 분석과 계획수립 실습
22-11-2,수,15:00~15:50,요구사항 분석과 계획수립 실습
22-11-2,수,16:00~16:50,요구사항 분석과 계획수립 실습
22-11-3,목,09:10~10:00,요구사항 분석과 계획수립 실습
22-11-3,목,10:10~11:00,요구사항 분석과 계획수립 실습
22-11-3,목,11:10~12:00,요구사항 분석과 계획수립 실습
22-11-3,목,12:10~13:00,요구사항 분석과 계획수립 실습
22-11-3,목,14:00~14:50,웹프로그래밍 실습
22-11-3,목,15:00~15:50,웹프로그래밍 실습
22-11-3,목,16:00~16:50,웹프로그래밍 실습
22-11-4,금,09:10~10:00,요구사항 분석과 계획수립 실습
22-11-4,금,10:10~11:00,요구사항 분석과 계획수립 실습
22-11-4,금,11:10~12:00,요구사항 분석과 계획수립 실습
22-11-4,금,12:10~13:00,요구사항 분석과 계획수립 실습
22-11-4,금,14:00~14:50,요구사항 분석과 계획수립 실습
22-11-4,금,15:00~15:50,요구사항 분석과 계획수립 실습
22-11-7,월,09:10~10:00,요구사항 분석과 계획수립 실습
22-11-7,월,10:10~11:00,요구사항 분석과 계획수립 실습
22-11-7,월,11:10~12:00,요구사항 분석과 계획수립 실습
22-11-7,월,12:10~13:00,요구사항 분석과 계획수립 실습
22-11-7,월,14:00~14:50,요구사항 분석과 계획수립 실습
22-11-7,월,15:00~15:50,요구사항 분석과 계획수립 실습
22-11-8,화,09:10~10:00,웹프로그래밍 실습
22-11-8,화,10:10~11:00,웹프로그래밍 실습
22-11-8,화,11:10~12:00,웹프로그래밍 실습
22-11-8,화,12:10~13:00,웹프로그래밍 실습
22-11-8,화,14:00~14:50,웹프로그래밍 실습
22-11-8,화,15:00~15:50,웹프로그래밍 실습
22-11-8,화,16:00~16:50,웹프로그래밍 실습
22-11-9,수,09:10~10:00,요구사항 분석과 계획수립 실습
22-11-9,수,10:10~11:00,요구사항 분석과 계획수립 실습
22-11-9,수,11:10~12:00,요구사항 분석과 계획수립 실습
22-11-9,수,12:10~13:00,요구사항 분석과 계획수립 실습
22-11-9,수,14:00~14:50,요구사항 분석과 계획수립 실습
22-11-9,수,15:00~15:50,요구사항 분석과 계획수립 실습
22-11-9,수,16:00~16:50,요구사항 분석과 계획수립 실습
22-11-10,목,09:10~10:00,웹프로그래밍 실습
22-11-10,목,10:10~11:00,웹프로그래밍 실습
22-11-10,목,11:10~12:00,웹프로그래밍 실습
22-11-10,목,12:10~13:00,웹프로그래밍 실습
22-11-10,목,14:00~14:50,웹프로그래밍 실습
22-11-10,목,15:00~15:50,웹프로그래밍 실습
22-11-10,목,16:00~16:50,웹프로그래밍 실습
22-11-11,금,09:10~10:00,요구사항 분석과 계획수립 실습
22-11-11,금,10:10~11:00,요구사항 분석과 계획수립 실습
22-11-11,금,11:10~12:00,요구사항 분석과 계획수립 실습
22-11-11,금,12:10~13:00,요구사항 분석과 계획수립 실습
22-11-11,금,14:00~14:50,요구사항 분석과 계획수립 실습
22-11-11,금,15:00~15:50,요구사항 분석과 계획수립 실습
22-11-14,월,09:10~10:00,요구사항 분석과 계획수립 실습
22-11-14,월,10:10~11:00,요구사항 분석과 계획수립 실습
22-11-14,월,11:10~12:00,요구사항 분석과 계획수립 실습
22-11-14,월,12:10~13:00,요구사항 분석과 계획수립 실습
22-11-14,월,14:00~14:50,요구사항 분석과 계획수립 실습
22-11-14,월,15:00~15:50,요구사항 분석과 계획수립 실습
22-11-15,화,09:10~10:00,웹프로그래밍 실습
22-11-15,화,10:10~11:00,웹프로그래밍 실습
22-11-15,화,11:10~12:00,웹프로그래밍 실습
22-11-15,화,12:10~13:00,웹프로그래밍 실습
22-11-15,화,14:00~14:50,웹프로그래밍 실습
22-11-15,화,15:00~15:50,웹프로그래밍 실습
22-11-15,화,16:00~16:50,웹프로그래밍 실습
22-11-16,수,09:10~10:00,요구사항 분석과 계획수립 실습
22-11-16,수,10:10~11:00,요구사항 분석과 계획수립 실습
22-11-16,수,11:10~12:00,요구사항 분석과 계획수립 실습
22-11-16,수,12:10~13:00,요구사항 분석과 계획수립 실습
22-11-16,수,14:00~14:50,파이썬 프로그래밍
22-11-16,수,15:00~15:50,파이썬 프로그래밍
22-11-16,수,16:00~16:50,파이썬 프로그래밍
22-11-17,목,09:10~10:00,웹프로그래밍 실습
22-11-17,목,10:10~11:00,웹프로그래밍 실습
22-11-17,목,11:10~12:00,웹프로그래밍 실습
22-11-17,목,12:10~13:00,웹프로그래밍 실습
22-11-17,목,14:00~14:50,웹프로그래밍 실습
22-11-17,목,15:00~15:50,웹프로그래밍 실습
22-11-17,목,16:00~16:50,웹프로그래밍 실습
22-11-18,금,09:10~10:00,파이썬 프로그래밍
22-11-18,금,10:10~11:00,파이썬 프로그래밍
22-11-18,금,11:10~12:00,파이썬 프로그래밍
22-11-18,금,12:10~13:00,파이썬 프로그래밍
22-11-18,금,14:00~14:50,파이썬 프로그래밍
22-11-18,금,15:00~15:50,파이썬 프로그래밍
22-11-21,월,09:10~10:00,파이썬 프로그래밍
22-11-21,월,10:10~11:00,파이썬 프로그래밍
22-11-21,월,11:10~12:00,파이썬 프로그래밍
22-11-21,월,12:10~13:00,파이썬 프로그래밍
22-11-21,월,14:00~14:50,파이썬 프로그래밍
22-11-21,월,15:00~15:50,파이썬 프로그래밍
22-11-22,화,09:10~10:00,웹프로그래밍 실습
22-11-22,화,10:10~11:00,웹프로그래밍 실습
22-11-22,화,11:10~12:00,웹프로그래밍 실습
22-11-22,화,12:10~13:00,웹프로그래밍 실습
22-11-22,화,14:00~14:50,웹프로그래밍 실습
22-11-22,화,15:00~15:50,웹프로그래밍 실습
22-11-22,화,16:00~16:50,웹프로그래밍 실습
22-11-23,수,09:10~10:00,파이썬 프로그래밍
22-11-23,수,10:10~11:00,파이썬 프로그래밍
22-11-23,수,11:10~12:00,파이썬 프로그래밍
22-11-23,수,12:10~13:00,파이썬 프로그래밍
22-11-23,수,14:00~14:50,파이썬 프로그래밍
22-11-23,수,15:00~15:50,파이썬 프로그래밍
22-11-23,수,16:00~16:50,파이썬 프로그래밍
22-11-24,목,09:10~10:00,파이썬 프로그래밍
22-11-24,목,10:10~11:00,파이썬 프로그래밍
22-11-24,목,11:10~12:00,파이썬 프로그래밍
22-11-24,목,12:10~13:00,파이썬 프로그래밍
22-11-24,목,14:00~14:50,파이썬 프로그래밍
22-11-24,목,15:00~15:50,파이썬 프로그래밍
22-11-24,목,16:00~16:50,파이썬 프로그래밍
22-11-25,금,09:10~10:00,파이썬 프로그래밍
22-11-25,금,10:10~11:00,파이썬 프로그래밍
22-11-25,금,11:10~12:00,파이썬 프로그래밍
22-11-25,금,12:10~13:00,파이썬 프로그래밍
22-11-25,금,14:00~14:50,파이썬 프로그래밍
22-11-25,금,15:00~15:50,파이썬 프로그래밍
22-11-28,월,09:10~10:00,파이썬 프로그래밍
22-11-28,월,10:10~11:00,파이썬 프로그래밍
22-11-28,월,11:10~12:00,파이썬 프로그래밍
22-11-28,월,12:10~13:00,파이썬 프로그래밍
22-11-28,월,14:00~14:50,파이썬 프로그래밍
22-11-28,월,15:00~15:50,파이썬 프로그래밍
22-11-29,화,09:10~10:00,웹프로그래밍 실습
22-11-29,화,10:10~11:00,웹프로그래밍 실습
22-11-29,화,11:10~12:00,웹프로그래밍 실습
22-11-29,화,12:10~13:00,웹프로그래밍 실습
22-11-29,화,14:00~14:50,웹프로그래밍 실습
22-11-29,화,15:00~15:50,웹프로그래밍 실습
22-11-29,화,16:00~16:50,웹프로그래밍 실습
22-11-30,수,09:10~10:00,파이썬 프로그래밍
22-11-30,수,10:10~11:00,파이썬 프로그래밍
22-11-30,수,11:10~12:00,파이썬 프로그래밍
22-11-30,수,12:10~13:00,파이썬 프로그래밍
22-11-30,수,14:00~14:50,파이썬 프로그래밍
22-11-30,수,15:00~15:50,파이썬 프로그래밍
22-11-30,수,16:00~16:50,파이썬 프로그래밍
22-12-5,월,09:10~10:00,웹프로그래밍 실습
22-12-5,월,10:10~11:00,웹프로그래밍 실습
22-12-5,월,11:10~12:00,웹프로그래밍 실습
22-12-5,월,12:10~13:00,웹프로그래밍 실습
22-12-5,월,14:00~14:50,웹프로그래밍 실습
22-12-5,월,15:00~15:50,웹프로그래밍 실습
22-12-6,화,09:10~10:00,웹프로그래밍 실습
22-12-6,화,10:10~11:00,웹프로그래밍 실습
22-12-6,화,11:10~12:00,웹프로그래밍 실습
22-12-6,화,12:10~13:00,웹프로그래밍 실습
22-12-6,화,14:00~14:50,웹프로그래밍 실습
22-12-6,화,15:00~15:50,웹프로그래밍 실습
22-12-6,화,16:00~16:50,웹프로그래밍 실습
22-12-7,수,09:10~10:00,웹프로그래밍 실습
22-12-7,수,10:10~11:00,웹프로그래밍 실습
22-12-7,수,11:10~12:00,웹프로그래밍 실습
22-12-7,수,12:10~13:00,웹프로그래밍 실습
22-12-7,수,14:00~14:50,웹프로그래밍 실습
22-12-7,수,15:00~15:50,알고리즘 프로그래밍
22-12-7,수,16:00~16:50,알고리즘 프로그래밍
22-12-8,목,09:10~10:00,파이썬 프로그래밍
22-12-8,목,10:10~11:00,파이썬 프로그래밍
22-12-8,목,11:10~12:00,파이썬 프로그래밍
22-12-8,목,12:10~13:00,알고리즘 프로그래밍
22-12-8,목,14:00~14:50,알고리즘 프로그래밍
22-12-8,목,15:00~15:50,알고리즘 프로그래밍
22-12-8,목,16:00~16:50,알고리즘 프로그래밍
22-12-9,금,09:10~10:00,알고리즘 프로그래밍
22-12-9,금,10:10~11:00,알고리즘 프로그래밍
22-12-9,금,11:10~12:00,알고리즘 프로그래밍
22-12-9,금,12:10~13:00,알고리즘 프로그래밍
22-12-9,금,14:00~14:50,알고리즘 프로그래밍
22-12-9,금,15:00~15:50,알고리즘 프로그래밍
22-12-12,월,09:10~10:00,알고리즘 프로그래밍
22-12-12,월,10:10~11:00,알고리즘 프로그래밍
22-12-12,월,11:10~12:00,알고리즘 프로그래밍
22-12-12,월,12:10~13:00,알고리즘 프로그래밍
22-12-12,월,14:00~14:50,알고리즘 프로그래밍
22-12-12,월,15:00~15:50,알고리즘 프로그래밍
22-12-13,화,09:10~10:00,알고리즘 프로그래밍
22-12-13,화,10:10~11:00,알고리즘 프로그래밍
22-12-13,화,11:10~12:00,알고리즘 프로그래밍
22-12-13,화,12:10~13:00,알고리즘 프로그래밍
22-12-13,화,14:00~14:50,알고리즘 프로그래밍
22-12-13,화,15:00~15:50,알고리즘 프로그래밍
22-12-13,화,16:00~16:50,알고리즘 프로그래밍
22-12-14,수,09:10~10:00,파이썬 프로그래밍
22-12-14,수,10:10~11:00,파이썬 프로그래밍
22-12-14,수,11:10~12:00,파이썬 프로그래밍
22-12-14,수,12:10~13:00,파이썬 프로그래밍
22-12-14,수,14:00~14:50,파이썬 프로그래밍
22-12-14,수,15:00~15:50,파이썬 프로그래밍
22-12-14,수,16:00~16:50,파이썬 프로그래밍
22-12-15,목,09:10~10:00,알고리즘 프로그래밍
22-12-15,목,10:10~11:00,알고리즘 프로그래밍
22-12-15,목,11:10~12:00,알고리즘 프로그래밍
22-12-15,목,12:10~13:00,알고리즘 프로그래밍
22-12-15,목,14:00~14:50,알고리즘 프로그래밍
22-12-15,목,15:00~15:50,파이썬 프로그래밍
22-12-15,목,16:00~16:50,파이썬 프로그래밍
22-12-16,금,09:10~10:00,알고리즘 프로그래밍
22-12-16,금,10:10~11:00,알고리즘 프로그래밍
22-12-16,금,11:10~12:00,알고리즘 프로그래밍
22-12-16,금,12:10~13:00,알고리즘 프로그래밍
22-12-16,금,14:00~14:50,알고리즘 프로그래밍
22-12-16,금,15:00~15:50,알고리즘 프로그래밍
22-12-19,월,09:10~10:00,알고리즘 프로그래밍
22-12-19,월,10:10~11:00,알고리즘 프로그래밍
22-12-19,월,11:10~12:00,파이썬 프로그래밍
22-12-19,월,12:10~13:00,파이썬 프로그래밍
22-12-19,월,14:00~14:50,파이썬 프로그래밍
22-12-19,월,15:00~15:50,파이썬 프로그래밍
22-12-20,화,09:10~10:00,파이썬 프로그래밍
22-12-20,화,10:10~11:00,파이썬 프로그래밍
22-12-20,화,11:10~12:00,파이썬 프로그래밍
22-12-20,화,12:10~13:00,파이썬 프로그래밍
22-12-20,화,14:00~14:50,파이썬 프로그래밍
22-12-20,화,15:00~15:50,파이썬 프로그래밍
22-12-20,화,16:00~16:50,파이썬 프로그래밍
22-12-21,수,09:10~10:00,파이썬 프로그래밍
22-12-21,수,10:10~11:00,파이썬 프로그래밍
22-12-21,수,11:10~12:00,파이썬 프로그래밍
22-12-21,수,12:10~13:00,파이썬 프로그래밍
22-12-21,수,14:00~14:50,파이썬 프로그래밍
22-12-21,수,15:00~15:50,파이썬 프로그래밍
22-12-21,수,16:00~16:50,파이썬 프로그래밍
22-12-22,목,09:10~10:00,알고리즘 프로그래밍
22-12-22,목,10:10~11:00,알고리즘 프로그래밍
22-12-22,목,11:10~12:00,알고리즘 프로그래밍
22-12-22,목,12:10~13:00,알고리즘 프로그래밍
22-12-22,목,14:00~14:50,알고리즘 프로그래밍
22-12-22,목,15:00~15:50,알고리즘 프로그래밍
22-12-22,목,16:00~16:50,알고리즘 프로그래밍
22-12-23,금,09:10~10:00,알고리즘 프로그래밍
22-12-23,금,10:10~11:00,알고리즘 프로그래밍
22-12-23,금,11:10~12:00,알고리즘 프로그래밍
22-12-23,금,12:10~13:00,알고리즘 프로그래밍
22-12-23,금,14:00~14:50,알고리즘 프로그래밍
23-1-2,월,09:10~10:00,알고리즘 프로그래밍
23-1-2,월,10:10~11:00,알고리즘 프로그래밍
23-1-2,월,11:10~12:00,알고리즘 프로그래밍
23-1-2,월,12:10~13:00,알고리즘 프로그래밍
23-1-2,월,14:00~14:50,알고리즘 프로그래밍
23-1-2,월,15:00~15:50,알고리즘 프로그래밍
23-1-3,화,09:10~10:00,알고리즘 프로그래밍
23-1-3,화,10:10~11:00,알고리즘 프로그래밍
23-1-3,화,11:10~12:00,알고리즘 프로그래밍
23-1-3,화,12:10~13:00,알고리즘 프로그래밍
23-1-3,화,14:00~14:50,알고리즘 프로그래밍
23-1-3,화,15:00~15:50,알고리즘 프로그래밍
23-1-3,화,16:00~16:50,알고리즘 프로그래밍
23-1-4,수,09:10~10:00,파이썬 프로그래밍
23-1-4,수,10:10~11:00,파이썬 프로그래밍
23-1-4,수,11:10~12:00,데이터수집 및 분석 프로그래밍
23-1-4,수,12:10~13:00,데이터수집 및 분석 프로그래밍
23-1-4,수,14:00~14:50,데이터수집 및 분석 프로그래밍
23-1-4,수,15:00~15:50,데이터수집 및 분석 프로그래밍
23-1-4,수,16:00~16:50,데이터수집 및 분석 프로그래밍
23-1-5,목,09:10~10:00,데이터수집 및 분석 프로그래밍
23-1-5,목,10:10~11:00,데이터수집 및 분석 프로그래밍
23-1-5,목,11:10~12:00,데이터수집 및 분석 프로그래밍
23-1-5,목,12:10~13:00,데이터수집 및 분석 프로그래밍
23-1-5,목,14:00~14:50,데이터수집 및 분석 프로그래밍
23-1-5,목,15:00~15:50,알고리즘 프로그래밍
23-1-5,목,16:00~16:50,알고리즘 프로그래밍
23-1-6,금,09:10~10:00,알고리즘 프로그래밍
23-1-6,금,10:10~11:00,알고리즘 프로그래밍
23-1-6,금,11:10~12:00,알고리즘 프로그래밍
23-1-6,금,12:10~13:00,알고리즘 프로그래밍
23-1-6,금,14:00~14:50,알고리즘 프로그래밍
23-1-6,금,15:00~15:50,알고리즘 프로그래밍
23-1-9,월,09:10~10:00,데이터수집 및 분석 프로그래밍
23-1-9,월,10:10~11:00,데이터수집 및 분석 프로그래밍
23-1-9,월,11:10~12:00,데이터수집 및 분석 프로그래밍
23-1-9,월,12:10~13:00,데이터수집 및 분석 프로그래밍
23-1-9,월,14:00~14:50,데이터수집 및 분석 프로그래밍
23-1-9,월,15:00~15:50,데이터수집 및 분석 프로그래밍
23-1-10,화,09:10~10:00,데이터수집 및 분석 프로그래밍
23-1-10,화,10:10~11:00,데이터수집 및 분석 프로그래밍
23-1-10,화,11:10~12:00,데이터수집 및 분석 프로그래밍
23-1-10,화,12:10~13:00,데이터수집 및 분석 프로그래밍
23-1-10,화,14:00~14:50,데이터수집 및 분석 프로그래밍
23-1-10,화,15:00~15:50,데이터수집 및 분석 프로그래밍
23-1-10,화,16:00~16:50,데이터수집 및 분석 프로그래밍
23-1-11,수,09:10~10:00,알고리즘 프로그래밍
23-1-11,수,10:10~11:00,알고리즘 프로그래밍
23-1-11,수,11:10~12:00,알고리즘 프로그래밍
23-1-11,수,12:10~13:00,알고리즘 프로그래밍
23-1-11,수,14:00~14:50,알고리즘 프로그래밍
23-1-11,수,15:00~15:50,알고리즘 프로그래밍
23-1-11,수,16:00~16:50,알고리즘 프로그래밍
23-1-12,목,09:10~10:00,데이터수집 및 분석 프로그래밍
23-1-12,목,10:10~11:00,데이터수집 및 분석 프로그래밍
23-1-12,목,11:10~12:00,데이터수집 및 분석 프로그래밍
23-1-12,목,12:10~13:00,데이터수집 및 분석 프로그래밍
23-1-12,목,14:00~14:50,데이터수집 및 분석 프로그래밍
23-1-12,목,15:00~15:50,데이터수집 및 분석 프로그래밍
23-1-12,목,16:00~16:50,데이터수집 및 분석 프로그래밍
23-1-13,금,09:10~10:00,데이터수집 및 분석 프로그래밍
23-1-13,금,10:10~11:00,데이터수집 및 분석 프로그래밍
23-1-13,금,11:10~12:00,데이터수집 및 분석 프로그래밍
23-1-13,금,12:10~13:00,데이터수집 및 분석 프로그래밍
23-1-13,금,14:00~14:50,데이터수집 및 분석 프로그래밍
23-1-13,금,15:00~15:50,데이터수집 및 분석 프로그래밍
23-1-16,월,09:10~10:00,알고리즘 프로그래밍
23-1-16,월,10:10~11:00,알고리즘 프로그래밍
23-1-16,월,11:10~12:00,데이터베이스설계와 SQL활용
23-1-16,월,12:10~13:00,데이터베이스설계와 SQL활용
23-1-16,월,14:00~14:50,데이터베이스설계와 SQL활용
23-1-16,월,15:00~15:50,데이터베이스설계와 SQL활용
23-1-17,화,09:10~10:00,데이터베이스설계와 SQL활용
23-1-17,화,10:10~11:00,데이터베이스설계와 SQL활용
23-1-17,화,11:10~12:00,데이터베이스설계와 SQL활용
23-1-17,화,12:10~13:00,데이터베이스설계와 SQL활용
23-1-17,화,14:00~14:50,데이터베이스설계와 SQL활용
23-1-17,화,15:00~15:50,데이터베이스설계와 SQL활용
23-1-17,화,16:00~16:50,데이터베이스설계와 SQL활용
23-1-18,수,09:10~10:00,데이터베이스설계와 SQL활용
23-1-18,수,10:10~11:00,데이터베이스설계와 SQL활용
23-1-18,수,11:10~12:00,데이터베이스설계와 SQL활용
23-1-18,수,12:10~13:00,데이터베이스설계와 SQL활용
23-1-18,수,14:00~14:50,데이터베이스설계와 SQL활용
23-1-18,수,15:00~15:50,데이터베이스설계와 SQL활용
23-1-18,수,16:00~16:50,데이터베이스설계와 SQL활용
23-1-19,목,09:10~10:00,데이터수집 및 분석 프로그래밍
23-1-19,목,10:10~11:00,데이터수집 및 분석 프로그래밍
23-1-19,목,11:10~12:00,데이터수집 및 분석 프로그래밍
23-1-19,목,12:10~13:00,데이터수집 및 분석 프로그래밍
23-1-19,목,14:00~14:50,데이터수집 및 분석 프로그래밍
23-1-19,목,15:00~15:50,데이터수집 및 분석 프로그래밍
23-1-19,목,16:00~16:50,데이터수집 및 분석 프로그래밍
23-1-20,금,09:10~10:00,데이터수집 및 분석 프로그래밍
23-1-20,금,10:10~11:00,데이터수집 및 분석 프로그래밍
23-1-20,금,11:10~12:00,데이터수집 및 분석 프로그래밍
23-1-20,금,12:10~13:00,데이터수집 및 분석 프로그래밍
23-1-20,금,14:00~14:50,데이터수집 및 분석 프로그래밍
23-1-25,수,09:10~10:00,데이터베이스설계와 SQL활용
23-1-25,수,10:10~11:00,데이터베이스설계와 SQL활용
23-1-25,수,11:10~12:00,데이터베이스설계와 SQL활용
23-1-25,수,12:10~13:00,데이터베이스설계와 SQL활용
23-1-25,수,14:00~14:50,데이터베이스설계와 SQL활용
23-1-25,수,15:00~15:50,데이터베이스설계와 SQL활용
23-1-25,수,16:00~16:50,데이터베이스설계와 SQL활용
23-1-26,목,09:10~10:00,데이터수집 및 분석 프로그래밍
23-1-26,목,10:10~11:00,데이터수집 및 분석 프로그래밍
23-1-26,목,11:10~12:00,데이터수집 및 분석 프로그래밍
23-1-26,목,12:10~13:00,데이터수집 및 분석 프로그래밍
23-1-26,목,14:00~14:50,데이터수집 및 분석 프로그래밍
23-1-26,목,15:00~15:50,데이터수집 및 분석 프로그래밍
23-1-26,목,16:00~16:50,데이터수집 및 분석 프로그래밍
23-1-27,금,09:10~10:00,데이터수집 및 분석 프로그래밍
23-1-27,금,10:10~11:00,데이터수집 및 분석 프로그래밍
23-1-27,금,11:10~12:00,데이터수집 및 분석 프로그래밍
23-1-27,금,12:10~13:00,데이터수집 및 분석 프로그래밍
23-1-27,금,14:00~14:50,데이터수집 및 분석 프로그래밍
23-1-27,금,15:00~15:50,데이터수집 및 분석 프로그래밍
23-1-30,월,09:10~10:00,데이터베이스설계와 SQL활용
23-1-30,월,10:10~11:00,데이터베이스설계와 SQL활용
23-1-30,월,11:10~12:00,데이터베이스설계와 SQL활용
23-1-30,월,12:10~13:00,데이터베이스설계와 SQL활용
23-1-30,월,14:00~14:50,데이터베이스설계와 SQL활용
23-1-30,월,15:00~15:50,데이터베이스설계와 SQL활용
23-1-31,화,09:10~10:00,데이터베이스설계와 SQL활용
23-1-31,화,10:10~11:00,데이터베이스설계와 SQL활용
23-1-31,화,11:10~12:00,데이터베이스설계와 SQL활용
23-1-31,화,12:10~13:00,데이터베이스설계와 SQL활용
23-1-31,화,14:00~14:50,데이터베이스설계와 SQL활용
23-1-31,화,15:00~15:50,데이터베이스설계와 SQL활용
23-1-31,화,16:00~16:50,데이터베이스설계와 SQL활용
23-2-1,수,09:10~10:00,데이터베이스설계와 SQL활용
23-2-1,수,10:10~11:00,데이터베이스설계와 SQL활용
23-2-1,수,11:10~12:00,데이터베이스설계와 SQL활용
23-2-1,수,12:10~13:00,데이터베이스설계와 SQL활용
23-2-1,수,14:00~14:50,데이터베이스설계와 SQL활용
23-2-1,수,15:00~15:50,데이터베이스설계와 SQL활용
23-2-1,수,16:00~16:50,데이터베이스설계와 SQL활용
23-2-2,목,09:10~10:00,데이터수집 및 분석 프로그래밍
23-2-2,목,10:10~11:00,데이터수집 및 분석 프로그래밍
23-2-2,목,11:10~12:00,데이터수집 및 분석 프로그래밍
23-2-2,목,12:10~13:00,데이터수집 및 분석 프로그래밍
23-2-2,목,14:00~14:50,데이터수집 및 분석 프로그래밍
23-2-2,목,15:00~15:50,데이터수집 및 분석 프로그래밍
23-2-2,목,16:00~16:50,데이터수집 및 분석 프로그래밍
23-2-3,금,09:10~10:00,데이터수집 및 분석 프로그래밍
23-2-3,금,10:10~11:00,데이터수집 및 분석 프로그래밍
23-2-3,금,11:10~12:00,데이터수집 및 분석 프로그래밍
23-2-3,금,12:10~13:00,데이터수집 및 분석 프로그래밍
23-2-3,금,14:00~14:50,데이터수집 및 분석 프로그래밍
23-2-3,금,15:00~15:50,데이터수집 및 분석 프로그래밍
23-2-6,월,09:10~10:00,데이터베이스설계와 SQL활용
23-2-6,월,10:10~11:00,데이터베이스설계와 SQL활용
23-2-6,월,11:10~12:00,데이터베이스설계와 SQL활용
23-2-6,월,12:10~13:00,데이터베이스설계와 SQL활용
23-2-6,월,14:00~14:50,데이터베이스설계와 SQL활용
23-2-6,월,15:00~15:50,데이터베이스설계와 SQL활용
23-2-7,화,09:10~10:00,머신러닝 딥러닝 실습
23-2-7,화,10:10~11:00,머신러닝 딥러닝 실습
23-2-7,화,11:10~12:00,머신러닝 딥러닝 실습
23-2-7,화,12:10~13:00,머신러닝 딥러닝 실습
23-2-7,화,14:00~14:50,머신러닝 딥러닝 실습
23-2-7,화,15:00~15:50,데이터베이스설계와 SQL활용
23-2-7,화,16:00~16:50,데이터베이스설계와 SQL활용
23-2-8,수,09:10~10:00,데이터베이스설계와 SQL활용
23-2-8,수,10:10~11:00,데이터베이스설계와 SQL활용
23-2-8,수,11:10~12:00,데이터베이스설계와 SQL활용
23-2-8,수,12:10~13:00,데이터베이스설계와 SQL활용
23-2-8,수,14:00~14:50,데이터베이스설계와 SQL활용
23-2-8,수,15:00~15:50,데이터베이스설계와 SQL활용
23-2-8,수,16:00~16:50,데이터베이스설계와 SQL활용
23-2-9,목,09:10~10:00,데이터수집 및 분석 프로그래밍
23-2-9,목,10:10~11:00,데이터수집 및 분석 프로그래밍
23-2-9,목,11:10~12:00,데이터수집 및 분석 프로그래밍
23-2-9,목,12:10~13:00,데이터수집 및 분석 프로그래밍
23-2-9,목,14:00~14:50,데이터수집 및 분석 프로그래밍
23-2-9,목,15:00~15:50,데이터수집 및 분석 프로그래밍
23-2-9,목,16:00~16:50,클라우드와 인공지능 플랫폼 활용 실습
23-2-10,금,09:10~10:00,클라우드와 인공지능 플랫폼 활용 실습
23-2-10,금,10:10~11:00,클라우드와 인공지능 플랫폼 활용 실습
23-2-10,금,11:10~12:00,클라우드와 인공지능 플랫폼 활용 실습
23-2-10,금,12:10~13:00,클라우드와 인공지능 플랫폼 활용 실습
23-2-10,금,14:00~14:50,클라우드와 인공지능 플랫폼 활용 실습
23-2-10,금,15:00~15:50,클라우드와 인공지능 플랫폼 활용 실습
23-2-13,월,09:10~10:00,머신러닝 딥러닝 실습
23-2-13,월,10:10~11:00,머신러닝 딥러닝 실습
23-2-13,월,11:10~12:00,머신러닝 딥러닝 실습
23-2-13,월,12:10~13:00,머신러닝 딥러닝 실습
23-2-13,월,14:00~14:50,머신러닝 딥러닝 실습
23-2-13,월,15:00~15:50,머신러닝 딥러닝 실습
23-2-14,화,09:10~10:00,머신러닝 딥러닝 실습
23-2-14,화,10:10~11:00,머신러닝 딥러닝 실습
23-2-14,화,11:10~12:00,머신러닝 딥러닝 실습
23-2-14,화,12:10~13:00,머신러닝 딥러닝 실습
23-2-14,화,14:00~14:50,머신러닝 딥러닝 실습
23-2-14,화,15:00~15:50,머신러닝 딥러닝 실습
23-2-14,화,16:00~16:50,머신러닝 딥러닝 실습
23-2-15,수,09:10~10:00,머신러닝 딥러닝 실습
23-2-15,수,10:10~11:00,머신러닝 딥러닝 실습
23-2-15,수,11:10~12:00,머신러닝 딥러닝 실습
23-2-15,수,12:10~13:00,머신러닝 딥러닝 실습
23-2-15,수,14:00~14:50,머신러닝 딥러닝 실습
23-2-15,수,15:00~15:50,머신러닝 딥러닝 실습
23-2-15,수,16:00~16:50,머신러닝 딥러닝 실습
23-2-16,목,09:10~10:00,머신러닝 딥러닝 실습
23-2-16,목,10:10~11:00,머신러닝 딥러닝 실습
23-2-16,목,11:10~12:00,머신러닝 딥러닝 실습
23-2-16,목,12:10~13:00,머신러닝 딥러닝 실습
23-2-16,목,14:00~14:50,머신러닝 딥러닝 실습
23-2-16,목,15:00~15:50,머신러닝 딥러닝 실습
23-2-16,목,16:00~16:50,머신러닝 딥러닝 실습
23-2-17,금,09:10~10:00,머신러닝 딥러닝 실습
23-2-17,금,10:10~11:00,머신러닝 딥러닝 실습
23-2-17,금,11:10~12:00,머신러닝 딥러닝 실습
23-2-17,금,12:10~13:00,머신러닝 딥러닝 실습
23-2-17,금,14:00~14:50,머신러닝 딥러닝 실습
23-2-17,금,15:00~15:50,머신러닝 딥러닝 실습
23-2-20,월,09:10~10:00,클라우드와 인공지능 플랫폼 활용 실습
23-2-20,월,10:10~11:00,클라우드와 인공지능 플랫폼 활용 실습
23-2-20,월,11:10~12:00,클라우드와 인공지능 플랫폼 활용 실습
23-2-20,월,12:10~13:00,클라우드와 인공지능 플랫폼 활용 실습
23-2-20,월,14:00~14:50,클라우드와 인공지능 플랫폼 활용 실습
23-2-20,월,15:00~15:50,클라우드와 인공지능 플랫폼 활용 실습
23-2-21,화,09:10~10:00,클라우드와 인공지능 플랫폼 활용 실습
23-2-21,화,10:10~11:00,클라우드와 인공지능 플랫폼 활용 실습
23-2-21,화,11:10~12:00,클라우드와 인공지능 플랫폼 활용 실습
23-2-21,화,12:10~13:00,클라우드와 인공지능 플랫폼 활용 실습
23-2-21,화,14:00~14:50,클라우드와 인공지능 플랫폼 활용 실습
23-2-21,화,15:00~15:50,클라우드와 인공지능 플랫폼 활용 실습
23-2-21,화,16:00~16:50,클라우드와 인공지능 플랫폼 활용 실습
23-2-22,수,09:10~10:00,클라우드와 인공지능 플랫폼 활용 실습
23-2-22,수,10:10~11:00,클라우드와 인공지능 플랫폼 활용 실습
23-2-22,수,11:10~12:00,클라우드와 인공지능 플랫폼 활용 실습
23-2-22,수,12:10~13:00,클라우드와 인공지능 플랫폼 활용 실습
23-2-22,수,14:00~14:50,클라우드와 인공지능 플랫폼 활용 실습
23-2-22,수,15:00~15:50,재량교과
23-2-22,수,16:00~16:50,재량교과
23-2-23,목,09:10~10:00,클라우드와 인공지능 플랫폼 활용 실습
23-2-23,목,10:10~11:00,클라우드와 인공지능 플랫폼 활용 실습
23-2-23,목,11:10~12:00,클라우드와 인공지능 플랫폼 활용 실습
23-2-23,목,12:10~13:00,클라우드와 인공지능 플랫폼 활용 실습
23-2-23,목,14:00~14:50,클라우드와 인공지능 플랫폼 활용 실습
23-2-23,목,15:00~15:50,클라우드와 인공지능 플랫폼 활용 실습
23-2-23,목,16:00~16:50,클라우드와 인공지능 플랫폼 활용 실습
23-2-24,금,09:10~10:00,클라우드와 인공지능 플랫폼 활용 실습
23-2-24,금,10:10~11:00,클라우드와 인공지능 플랫폼 활용 실습
23-2-24,금,11:10~12:00,클라우드와 인공지능 플랫폼 활용 실습
23-2-24,금,12:10~13:00,클라우드와 인공지능 플랫폼 활용 실습
23-2-24,금,14:00~14:50,클라우드와 인공지능 플랫폼 활용 실습
23-2-24,금,15:00~15:50,클라우드와 인공지능 플랫폼 활용 실습
23-2-27,월,09:10~10:00,클라우드와 인공지능 플랫폼 활용 실습
23-2-27,월,10:10~11:00,클라우드와 인공지능 플랫폼 활용 실습
23-2-27,월,11:10~12:00,클라우드와 인공지능 플랫폼 활용 실습
23-2-27,월,12:10~13:00,클라우드와 인공지능 플랫폼 활용 실습
23-2-27,월,14:00~14:50,클라우드와 인공지능 플랫폼 활용 실습
23-2-27,월,15:00~15:50,클라우드와 인공지능 플랫폼 활용 실습
23-2-28,화,09:10~10:00,클라우드와 인공지능 플랫폼 활용 실습
23-2-28,화,10:10~11:00,클라우드와 인공지능 플랫폼 활용 실습
23-2-28,화,11:10~12:00,클라우드와 인공지능 플랫폼 활용 실습
23-2-28,화,12:10~13:00,클라우드와 인공지능 플랫폼 활용 실습
23-2-28,화,14:00~14:50,클라우드와 인공지능 플랫폼 활용 실습
23-2-28,화,15:00~15:50,클라우드와 인공지능 플랫폼 활용 실습
23-2-28,화,16:00~16:50,클라우드와 인공지능 플랫폼 활용 실습
23-3-2,목,09:10~10:00,머신러닝 딥러닝 실습
23-3-2,목,10:10~11:00,머신러닝 딥러닝 실습
23-3-2,목,11:10~12:00,머신러닝 딥러닝 실습
23-3-2,목,12:10~13:00,머신러닝 딥러닝 실습
23-3-2,목,14:00~14:50,머신러닝 딥러닝 실습
23-3-2,목,15:00~15:50,머신러닝 딥러닝 실습
23-3-2,목,16:00~16:50,머신러닝 딥러닝 실습
23-3-3,금,09:10~10:00,머신러닝 딥러닝 실습
23-3-3,금,10:10~11:00,머신러닝 딥러닝 실습
23-3-3,금,11:10~12:00,머신러닝 딥러닝 실습
23-3-3,금,12:10~13:00,머신러닝 딥러닝 실습
23-3-3,금,14:00~14:50,머신러닝 딥러닝 실습
23-3-3,금,15:00~15:50,머신러닝 딥러닝 실습
23-3-6,월,09:10~10:00,머신러닝 딥러닝 실습
23-3-6,월,10:10~11:00,머신러닝 딥러닝 실습
23-3-6,월,11:10~12:00,머신러닝 딥러닝 실습
23-3-6,월,12:10~13:00,머신러닝 딥러닝 실습
23-3-6,월,14:00~14:50,머신러닝 딥러닝 실습
23-3-6,월,15:00~15:50,머신러닝 딥러닝 실습
23-3-7,화,09:10~10:00,머신러닝 딥러닝 실습
23-3-7,화,10:10~11:00,머신러닝 딥러닝 실습
23-3-7,화,11:10~12:00,머신러닝 딥러닝 실습
23-3-7,화,12:10~13:00,머신러닝 딥러닝 실습
23-3-7,화,14:00~14:50,머신러닝 딥러닝 실습
23-3-7,화,15:00~15:50,머신러닝 딥러닝 실습
23-3-7,화,16:00~16:50,머신러닝 딥러닝 실습
23-3-8,수,09:10~10:00,머신러닝 딥러닝 실습
23-3-8,수,10:10~11:00,머신러닝 딥러닝 실습
23-3-8,수,11:10~12:00,머신러닝 딥러닝 실습
23-3-8,수,12:10~13:00,머신러닝 딥러닝 실습
23-3-8,수,14:00~14:50,머신러닝 딥러닝 실습
23-3-8,수,15:00~15:50,머신러닝 딥러닝 실습
23-3-8,수,16:00~16:50,머신러닝 딥러닝 실습
23-3-9,목,09:10~10:00,머신러닝 딥러닝 실습
23-3-9,목,10:10~11:00,머신러닝 딥러닝 실습
23-3-9,목,11:10~12:00,머신러닝 딥러닝 실습
23-3-9,목,12:10~13:00,머신러닝 딥러닝 실습
23-3-9,목,14:00~14:50,머신러닝 딥러닝 실습
23-3-9,목,15:00~15:50,머신러닝 딥러닝 실습
23-3-9,목,16:00~16:50,머신러닝 딥러닝 실습
23-3-10,금,09:10~10:00,머신러닝 딥러닝 실습
23-3-10,금,10:10~11:00,머신러닝 딥러닝 실습
23-3-10,금,11:10~12:00,클라우드와 인공지능 플랫폼 활용 실습
23-3-10,금,12:10~13:00,클라우드와 인공지능 플랫폼 활용 실습
23-3-10,금,14:00~14:50,클라우드와 인공지능 플랫폼 활용 실습
23-3-10,금,15:00~15:50,클라우드와 인공지능 플랫폼 활용 실습
23-3-13,월,09:10~10:00,클라우드와 인공지능 플랫폼 활용 실습
23-3-13,월,10:10~11:00,클라우드와 인공지능 플랫폼 활용 실습
23-3-13,월,11:10~12:00,클라우드와 인공지능 플랫폼 활용 실습
23-3-13,월,12:10~13:00,클라우드와 인공지능 플랫폼 활용 실습
23-3-13,월,14:00~14:50,클라우드와 인공지능 플랫폼 활용 실습
23-3-13,월,15:00~15:50,클라우드와 인공지능 플랫폼 활용 실습
23-3-14,화,09:10~10:00,클라우드와 인공지능 플랫폼 활용 실습
23-3-14,화,10:10~11:00,클라우드와 인공지능 플랫폼 활용 실습
23-3-14,화,11:10~12:00,클라우드와 인공지능 플랫폼 활용 실습
23-3-14,화,12:10~13:00,클라우드와 인공지능 플랫폼 활용 실습
23-3-14,화,14:00~14:50,클라우드와 인공지능 플랫폼 활용 실습
23-3-14,화,15:00~15:50,클라우드와 인공지능 플랫폼 활용 실습
23-3-14,화,16:00~16:50,클라우드와 인공지능 플랫폼 활용 실습
23-3-15,수,09:10~10:00,클라우드와 인공지능 플랫폼 활용 실습
23-3-15,수,10:10~11:00,클라우드와 인공지능 플랫폼 활용 실습
23-3-15,수,11:10~12:00,클라우드와 인공지능 플랫폼 활용 실습
23-3-15,수,12:10~13:00,클라우드와 인공지능 플랫폼 활용 실습
23-3-15,수,14:00~14:50,클라우드와 인공지능 플랫폼 활용 실습
23-3-15,수,15:00~15:50,클라우드와 인공지능 플랫폼 활용 실습
23-3-15,수,16:00~16:50,클라우드와 인공지능 플랫폼 활용 실습
23-3-16,목,09:10~10:00,클라우드와 인공지능 플랫폼 활용 실습
23-3-16,목,10:10~11:00,클라우드와 인공지능 플랫폼 활용 실습
23-3-16,목,11:10~12:00,클라우드와 인공지능 플랫폼 활용 실습
23-3-16,목,12:10~13:00,클라우드와 인공지능 플랫폼 활용 실습
23-3-16,목,14:00~14:50,클라우드와 인공지능 플랫폼 활용 실습
23-3-16,목,15:00~15:50,파이썬 및 JavaScript 활용 프로젝트
23-3-16,목,16:00~16:50,파이썬 및 JavaScript 활용 프로젝트
23-3-17,금,09:10~10:00,파이썬 및 JavaScript 활용 프로젝트
23-3-17,금,10:10~11:00,파이썬 및 JavaScript 활용 프로젝트
23-3-17,금,11:10~12:00,파이썬 및 JavaScript 활용 프로젝트
23-3-17,금,12:10~13:00,파이썬 및 JavaScript 활용 프로젝트
23-3-17,금,14:00~14:50,파이썬 및 JavaScript 활용 프로젝트
23-3-17,금,15:00~15:50,파이썬 및 JavaScript 활용 프로젝트
23-3-20,월,09:10~10:00,파이썬 및 JavaScript 활용 프로젝트
23-3-20,월,10:10~11:00,파이썬 및 JavaScript 활용 프로젝트
23-3-20,월,11:10~12:00,파이썬 및 JavaScript 활용 프로젝트
23-3-20,월,12:10~13:00,파이썬 및 JavaScript 활용 프로젝트
23-3-20,월,14:00~14:50,파이썬 및 JavaScript 활용 프로젝트
23-3-20,월,15:00~15:50,파이썬 및 JavaScript 활용 프로젝트
23-3-21,화,09:10~10:00,파이썬 및 JavaScript 활용 프로젝트
23-3-21,화,10:10~11:00,파이썬 및 JavaScript 활용 프로젝트
23-3-21,화,11:10~12:00,파이썬 및 JavaScript 활용 프로젝트
23-3-21,화,12:10~13:00,파이썬 및 JavaScript 활용 프로젝트
23-3-21,화,14:00~14:50,파이썬 및 JavaScript 활용 프로젝트
23-3-21,화,15:00~15:50,파이썬 및 JavaScript 활용 프로젝트
23-3-21,화,16:00~16:50,파이썬 및 JavaScript 활용 프로젝트
23-3-22,수,09:10~10:00,파이썬 및 JavaScript 활용 프로젝트
23-3-22,수,10:10~11:00,파이썬 및 JavaScript 활용 프로젝트
23-3-22,수,11:10~12:00,파이썬 및 JavaScript 활용 프로젝트
23-3-22,수,12:10~13:00,파이썬 및 JavaScript 활용 프로젝트
23-3-22,수,14:00~14:50,재량교과
23-3-22,수,15:00~15:50,재량교과
23-3-23,목,09:10~10:00,파이썬 및 JavaScript 활용 프로젝트
23-3-23,목,10:10~11:00,파이썬 및 JavaScript 활용 프로젝트
23-3-23,목,11:10~12:00,파이썬 및 JavaScript 활용 프로젝트
23-3-23,목,12:10~13:00,파이썬 및 JavaScript 활용 프로젝트
23-3-23,목,14:00~14:50,파이썬 및 JavaScript 활용 프로젝트
23-3-23,목,15:00~15:50,파이썬 및 JavaScript 활용 프로젝트
23-3-23,목,16:00~16:50,파이썬 및 JavaScript 활용 프로젝트
23-3-24,금,09:10~10:00,파이썬 및 JavaScript 활용 프로젝트
23-3-24,금,10:10~11:00,파이썬 및 JavaScript 활용 프로젝트
23-3-24,금,11:10~12:00,파이썬 및 JavaScript 활용 프로젝트
23-3-24,금,12:10~13:00,파이썬 및 JavaScript 활용 프로젝트
23-3-24,금,14:00~14:50,파이썬 및 JavaScript 활용 프로젝트
23-3-24,금,15:00~15:50,파이썬 및 JavaScript 활용 프로젝트
23-3-27,월,09:10~10:00,파이썬 및 JavaScript 활용 프로젝트
23-3-27,월,10:10~11:00,파이썬 및 JavaScript 활용 프로젝트
23-3-27,월,11:10~12:00,파이썬 및 JavaScript 활용 프로젝트
23-3-27,월,12:10~13:00,파이썬 및 JavaScript 활용 프로젝트
23-3-27,월,14:00~14:50,파이썬 및 JavaScript 활용 프로젝트
23-3-27,월,15:00~15:50,파이썬 및 JavaScript 활용 프로젝트
23-3-28,화,09:10~10:00,파이썬 및 JavaScript 활용 프로젝트
23-3-28,화,10:10~11:00,파이썬 및 JavaScript 활용 프로젝트
23-3-28,화,11:10~12:00,파이썬 및 JavaScript 활용 프로젝트
23-3-28,화,12:10~13:00,파이썬 및 JavaScript 활용 프로젝트
23-3-28,화,14:00~14:50,파이썬 및 JavaScript 활용 프로젝트
23-3-28,화,15:00~15:50,파이썬 및 JavaScript 활용 프로젝트
23-3-28,화,16:00~16:50,파이썬 및 JavaScript 활용 프로젝트
23-3-29,수,09:10~10:00,파이썬 및 JavaScript 활용 프로젝트
23-3-29,수,10:10~11:00,파이썬 및 JavaScript 활용 프로젝트
23-3-29,수,11:10~12:00,파이썬 및 JavaScript 활용 프로젝트
23-3-29,수,12:10~13:00,파이썬 및 JavaScript 활용 프로젝트
23-3-29,수,14:00~14:50,파이썬 및 JavaScript 활용 프로젝트
23-3-29,수,15:00~15:50,파이썬 및 JavaScript 활용 프로젝트
23-3-30,목,09:10~10:00,파이썬 및 JavaScript 활용 프로젝트
23-3-30,목,10:10~11:00,파이썬 및 JavaScript 활용 프로젝트
23-3-30,목,11:10~12:00,파이썬 및 JavaScript 활용 프로젝트
23-3-30,목,12:10~13:00,파이썬 및 JavaScript 활용 프로젝트
23-3-30,목,14:00~14:50,파이썬 및 JavaScript 활용 프로젝트
23-3-30,목,15:00~15:50,파이썬 및 JavaScript 활용 프로젝트
23-3-30,목,16:00~16:50,파이썬 및 JavaScript 활용 프로젝트
23-3-31,금,09:10~10:00,파이썬 및 JavaScript 활용 프로젝트
23-3-31,금,10:10~11:00,파이썬 및 JavaScript 활용 프로젝트
23-3-31,금,11:10~12:00,파이썬 및 JavaScript 활용 프로젝트
23-3-31,금,12:10~13:00,파이썬 및 JavaScript 활용 프로젝트
23-3-31,금,14:00~14:50,파이썬 및 JavaScript 활용 프로젝트
23-3-31,금,15:00~15:50,파이썬 및 JavaScript 활용 프로젝트
23-4-3,월,09:10~10:00,파이썬 및 JavaScript 활용 프로젝트
23-4-3,월,10:10~11:00,파이썬 및 JavaScript 활용 프로젝트
23-4-3,월,11:10~12:00,파이썬 및 JavaScript 활용 프로젝트
23-4-3,월,12:10~13:00,파이썬 및 JavaScript 활용 프로젝트
23-4-3,월,14:00~14:50,파이썬 및 JavaScript 활용 프로젝트
23-4-3,월,15:00~15:50,파이썬 및 JavaScript 활용 프로젝트
23-4-4,화,09:10~10:00,파이썬 및 JavaScript 활용 프로젝트
23-4-4,화,10:10~11:00,파이썬 및 JavaScript 활용 프로젝트
23-4-4,화,11:10~12:00,파이썬 및 JavaScript 활용 프로젝트
23-4-4,화,12:10~13:00,파이썬 및 JavaScript 활용 프로젝트
23-4-4,화,14:00~14:50,파이썬 및 JavaScript 활용 프로젝트
23-4-4,화,15:00~15:50,파이썬 및 JavaScript 활용 프로젝트
23-4-4,화,16:00~16:50,파이썬 및 JavaScript 활용 프로젝트
23-4-5,수,09:10~10:00,파이썬 및 JavaScript 활용 프로젝트
23-4-5,수,10:10~11:00,파이썬 및 JavaScript 활용 프로젝트
23-4-5,수,11:10~12:00,파이썬 및 JavaScript 활용 프로젝트
23-4-5,수,12:10~13:00,파이썬 및 JavaScript 활용 프로젝트
23-4-5,수,14:00~14:50,파이썬 및 JavaScript 활용 프로젝트
23-4-5,수,15:00~15:50,파이썬 및 JavaScript 활용 프로젝트
23-4-6,목,09:10~10:00,파이썬 및 JavaScript 활용 프로젝트
23-4-6,목,10:10~11:00,파이썬 및 JavaScript 활용 프로젝트
23-4-6,목,11:10~12:00,파이썬 및 JavaScript 활용 프로젝트
23-4-6,목,12:10~13:00,파이썬 및 JavaScript 활용 프로젝트
23-4-6,목,14:00~14:50,파이썬 및 JavaScript 활용 프로젝트
23-4-6,목,15:00~15:50,파이썬 및 JavaScript 활용 프로젝트
23-4-6,목,16:00~16:50,파이썬 및 JavaScript 활용 프로젝트
23-4-7,금,09:10~10:00,파이썬 및 JavaScript 활용 프로젝트
23-4-7,금,10:10~11:00,파이썬 및 JavaScript 활용 프로젝트
23-4-7,금,11:10~12:00,파이썬 및 JavaScript 활용 프로젝트
23-4-7,금,12:10~13:00,파이썬 및 JavaScript 활용 프로젝트
23-4-7,금,14:00~14:50,파이썬과 CNN을 활용한 졸음방지 솔루션 개발 프로젝트
23-4-7,금,15:00~15:50,파이썬과 CNN을 활용한 졸음방지 솔루션 개발 프로젝트
23-4-10,월,09:10~10:00,파이썬과 CNN을 활용한 졸음방지 솔루션 개발 프로젝트
23-4-10,월,10:10~11:00,파이썬과 CNN을 활용한 졸음방지 솔루션 개발 프로젝트
23-4-10,월,11:10~12:00,파이썬과 CNN을 활용한 졸음방지 솔루션 개발 프로젝트
23-4-10,월,12:10~13:00,파이썬과 CNN을 활용한 졸음방지 솔루션 개발 프로젝트
23-4-10,월,14:00~14:50,파이썬과 CNN을 활용한 졸음방지 솔루션 개발 프로젝트
23-4-10,월,15:00~15:50,파이썬과 CNN을 활용한 졸음방지 솔루션 개발 프로젝트
23-4-11,화,09:10~10:00,파이썬과 CNN을 활용한 졸음방지 솔루션 개발 프로젝트
23-4-11,화,10:10~11:00,파이썬과 CNN을 활용한 졸음방지 솔루션 개발 프로젝트
23-4-11,화,11:10~12:00,파이썬과 CNN을 활용한 졸음방지 솔루션 개발 프로젝트
23-4-11,화,12:10~13:00,파이썬과 CNN을 활용한 졸음방지 솔루션 개발 프로젝트
23-4-11,화,14:00~14:50,파이썬과 CNN을 활용한 졸음방지 솔루션 개발 프로젝트
23-4-11,화,15:00~15:50,파이썬과 CNN을 활용한 졸음방지 솔루션 개발 프로젝트
23-4-11,화,16:00~16:50,파이썬과 CNN을 활용한 졸음방지 솔루션 개발 프로젝트
23-4-12,수,09:10~10:00,파이썬과 CNN을 활용한 졸음방지 솔루션 개발 프로젝트
23-4-12,수,10:10~11:00,파이썬과 CNN을 활용한 졸음방지 솔루션 개발 프로젝트
23-4-12,수,11:10~12:00,파이썬과 CNN을 활용한 졸음방지 솔루션 개발 프로젝트
23-4-12,수,12:10~13:00,파이썬과 CNN을 활용한 졸음방지 솔루션 개발 프로젝트
23-4-12,수,14:00~14:50,파이썬과 CNN을 활용한 졸음방지 솔루션 개발 프로젝트
23-4-12,수,15:00~15:50,파이썬과 CNN을 활용한 졸음방지 솔루션 개발 프로젝트
23-4-13,목,09:10~10:00,머신러닝 딥러닝 활용 프로젝트
23-4-13,목,10:10~11:00,머신러닝 딥러닝 활용 프로젝트
23-4-13,목,11:10~12:00,머신러닝 딥러닝 활용 프로젝트
23-4-13,목,12:10~13:00,머신러닝 딥러닝 활용 프로젝트
23-4-13,목,14:00~14:50,머신러닝 딥러닝 활용 프로젝트
23-4-13,목,15:00~15:50,머신러닝 딥러닝 활용 프로젝트
23-4-13,목,16:00~16:50,머신러닝 딥러닝 활용 프로젝트
23-4-14,금,09:10~10:00,머신러닝 딥러닝 활용 프로젝트
23-4-14,금,10:10~11:00,머신러닝 딥러닝 활용 프로젝트
23-4-14,금,11:10~12:00,머신러닝 딥러닝 활용 프로젝트
23-4-14,금,12:10~13:00,머신러닝 딥러닝 활용 프로젝트
23-4-14,금,14:00~14:50,머신러닝 딥러닝 활용 프로젝트
23-4-14,금,15:00~15:50,머신러닝 딥러닝 활용 프로젝트
23-4-17,월,09:10~10:00,파이썬과 CNN을 활용한 졸음방지 솔루션 개발 프로젝트
23-4-17,월,10:10~11:00,파이썬과 CNN을 활용한 졸음방지 솔루션 개발 프로젝트
23-4-17,월,11:10~12:00,파이썬과 CNN을 활용한 졸음방지 솔루션 개발 프로젝트
23-4-17,월,12:10~13:00,파이썬과 CNN을 활용한 졸음방지 솔루션 개발 프로젝트
23-4-17,월,14:00~14:50,파이썬과 CNN을 활용한 졸음방지 솔루션 개발 프로젝트
23-4-17,월,15:00~15:50,파이썬과 CNN을 활용한 졸음방지 솔루션 개발 프로젝트
23-4-18,화,09:10~10:00,파이썬과 CNN을 활용한 졸음방지 솔루션 개발 프로젝트
23-4-18,화,10:10~11:00,파이썬과 CNN을 활용한 졸음방지 솔루션 개발 프로젝트
23-4-18,화,11:10~12:00,파이썬과 CNN을 활용한 졸음방지 솔루션 개발 프로젝트
23-4-18,화,12:10~13:00,파이썬과 CNN을 활용한 졸음방지 솔루션 개발 프로젝트
23-4-18,화,14:00~14:50,파이썬과 CNN을 활용한 졸음방지 솔루션 개발 프로젝트
23-4-18,화,15:00~15:50,파이썬과 CNN을 활용한 졸음방지 솔루션 개발 프로젝트
23-4-18,화,16:00~16:50,파이썬과 CNN을 활용한 졸음방지 솔루션 개발 프로젝트
23-4-19,수,09:10~10:00,파이썬과 CNN을 활용한 졸음방지 솔루션 개발 프로젝트
23-4-19,수,10:10~11:00,파이썬과 CNN을 활용한 졸음방지 솔루션 개발 프로젝트
23-4-19,수,11:10~12:00,파이썬과 CNN을 활용한 졸음방지 솔루션 개발 프로젝트
23-4-19,수,12:10~13:00,파이썬과 CNN을 활용한 졸음방지 솔루션 개발 프로젝트
23-4-19,수,14:00~14:50,재량교과
23-4-19,수,15:00~15:50,재량교과
23-4-20,목,09:10~10:00,머신러닝 딥러닝 활용 프로젝트
23-4-20,목,10:10~11:00,머신러닝 딥러닝 활용 프로젝트
23-4-20,목,11:10~12:00,머신러닝 딥러닝 활용 프로젝트
23-4-20,목,12:10~13:00,머신러닝 딥러닝 활용 프로젝트
23-4-20,목,14:00~14:50,머신러닝 딥러닝 활용 프로젝트
23-4-20,목,15:00~15:50,머신러닝 딥러닝 활용 프로젝트
23-4-20,목,16:00~16:50,머신러닝 딥러닝 활용 프로젝트
23-4-21,금,09:10~10:00,머신러닝 딥러닝 활용 프로젝트
23-4-21,금,10:10~11:00,머신러닝 딥러닝 활용 프로젝트
23-4-21,금,11:10~12:00,머신러닝 딥러닝 활용 프로젝트
23-4-21,금,12:10~13:00,머신러닝 딥러닝 활용 프로젝트
23-4-21,금,14:00~14:50,머신러닝 딥러닝 활용 프로젝트
23-4-21,금,15:00~15:50,머신러닝 딥러닝 활용 프로젝트
23-4-24,월,09:10~10:00,파이썬과 CNN을 활용한 졸음방지 솔루션 개발 프로젝트
23-4-24,월,10:10~11:00,파이썬과 CNN을 활용한 졸음방지 솔루션 개발 프로젝트
23-4-24,월,11:10~12:00,파이썬과 CNN을 활용한 졸음방지 솔루션 개발 프로젝트
23-4-24,월,12:10~13:00,파이썬과 CNN을 활용한 졸음방지 솔루션 개발 프로젝트
23-4-24,월,14:00~14:50,파이썬과 CNN을 활용한 졸음방지 솔루션 개발 프로젝트
23-4-24,월,15:00~15:50,파이썬과 CNN을 활용한 졸음방지 솔루션 개발 프로젝트
23-4-25,화,09:10~10:00,파이썬과 CNN을 활용한 졸음방지 솔루션 개발 프로젝트
23-4-25,화,10:10~11:00,파이썬과 CNN을 활용한 졸음방지 솔루션 개발 프로젝트
23-4-25,화,11:10~12:00,파이썬과 CNN을 활용한 졸음방지 솔루션 개발 프로젝트
23-4-25,화,12:10~13:00,파이썬과 CNN을 활용한 졸음방지 솔루션 개발 프로젝트
23-4-25,화,14:00~14:50,파이썬과 CNN을 활용한 졸음방지 솔루션 개발 프로젝트
23-4-25,화,15:00~15:50,파이썬과 CNN을 활용한 졸음방지 솔루션 개발 프로젝트
23-4-25,화,16:00~16:50,파이썬과 CNN을 활용한 졸음방지 솔루션 개발 프로젝트
23-4-26,수,09:10~10:00,파이썬과 CNN을 활용한 졸음방지 솔루션 개발 프로젝트
23-4-26,수,10:10~11:00,파이썬과 CNN을 활용한 졸음방지 솔루션 개발 프로젝트
23-4-26,수,11:10~12:00,파이썬과 CNN을 활용한 졸음방지 솔루션 개발 프로젝트
23-4-26,수,12:10~13:00,파이썬과 CNN을 활용한 졸음방지 솔루션 개발 프로젝트
23-4-26,수,14:00~14:50,파이썬과 CNN을 활용한 졸음방지 솔루션 개발 프로젝트
23-4-26,수,15:00~15:50,파이썬과 CNN을 활용한 졸음방지 솔루션 개발 프로젝트
23-4-27,목,09:10~10:00,머신러닝 딥러닝 활용 프로젝트
23-4-27,목,10:10~11:00,머신러닝 딥러닝 활용 프로젝트
23-4-27,목,11:10~12:00,머신러닝 딥러닝 활용 프로젝트
23-4-27,목,12:10~13:00,머신러닝 딥러닝 활용 프로젝트
23-4-27,목,14:00~14:50,머신러닝 딥러닝 활용 프로젝트
23-4-27,목,15:00~15:50,머신러닝 딥러닝 활용 프로젝트
23-4-27,목,16:00~16:50,머신러닝 딥러닝 활용 프로젝트
23-4-28,금,09:10~10:00,머신러닝 딥러닝 활용 프로젝트
23-4-28,금,10:10~11:00,머신러닝 딥러닝 활용 프로젝트
23-4-28,금,11:10~12:00,머신러닝 딥러닝 활용 프로젝트
23-4-28,금,12:10~13:00,머신러닝 딥러닝 활용 프로젝트
23-4-28,금,14:00~14:50,머신러닝 딥러닝 활용 프로젝트
23-4-28,금,15:00~15:50,머신러닝 딥러닝 활용 프로젝트
23-5-1,월,09:10~10:00,파이썬과 CNN을 활용한 졸음방지 솔루션 개발 프로젝트
23-5-1,월,10:10~11:00,파이썬과 CNN을 활용한 졸음방지 솔루션 개발 프로젝트
23-5-1,월,11:10~12:00,파이썬과 CNN을 활용한 졸음방지 솔루션 개발 프로젝트
23-5-1,월,12:10~13:00,파이썬과 CNN을 활용한 졸음방지 솔루션 개발 프로젝트
23-5-1,월,14:00~14:50,파이썬과 CNN을 활용한 졸음방지 솔루션 개발 프로젝트
23-5-1,월,15:00~15:50,파이썬과 CNN을 활용한 졸음방지 솔루션 개발 프로젝트
23-5-2,화,09:10~10:00,파이썬과 CNN을 활용한 졸음방지 솔루션 개발 프로젝트
23-5-2,화,10:10~11:00,파이썬과 CNN을 활용한 졸음방지 솔루션 개발 프로젝트
23-5-2,화,11:10~12:00,파이썬과 CNN을 활용한 졸음방지 솔루션 개발 프로젝트
23-5-2,화,12:10~13:00,파이썬과 CNN을 활용한 졸음방지 솔루션 개발 프로젝트
23-5-2,화,14:00~14:50,파이썬과 CNN을 활용한 졸음방지 솔루션 개발 프로젝트
23-5-2,화,15:00~15:50,파이썬과 CNN을 활용한 졸음방지 솔루션 개발 프로젝트
23-5-2,화,16:00~16:50,파이썬과 CNN을 활용한 졸음방지 솔루션 개발 프로젝트
23-5-3,수,09:10~10:00,머신러닝 딥러닝 활용 프로젝트
23-5-3,수,10:10~11:00,머신러닝 딥러닝 활용 프로젝트
23-5-3,수,11:10~12:00,머신러닝 딥러닝 활용 프로젝트
23-5-3,수,12:10~13:00,머신러닝 딥러닝 활용 프로젝트
23-5-3,수,14:00~14:50,머신러닝 딥러닝 활용 프로젝트
23-5-3,수,15:00~15:50,머신러닝 딥러닝 활용 프로젝트
23-5-4,목,09:10~10:00,머신러닝 딥러닝 활용 프로젝트
23-5-4,목,10:10~11:00,머신러닝 딥러닝 활용 프로젝트
23-5-4,목,11:10~12:00,머신러닝 딥러닝 활용 프로젝트
23-5-4,목,12:10~13:00,머신러닝 딥러닝 활용 프로젝트
23-5-4,목,14:00~14:50,머신러닝 딥러닝 활용 프로젝트
23-5-4,목,15:00~15:50,머신러닝 딥러닝 활용 프로젝트
23-5-4,목,16:00~16:50,머신러닝 딥러닝 활용 프로젝트
23-5-8,월,09:10~10:00,파이썬과 CNN을 활용한 졸음방지 솔루션 개발 프로젝트
23-5-8,월,10:10~11:00,파이썬과 CNN을 활용한 졸음방지 솔루션 개발 프로젝트
23-5-8,월,11:10~12:00,파이썬과 CNN을 활용한 졸음방지 솔루션 개발 프로젝트
23-5-8,월,12:10~13:00,파이썬과 CNN을 활용한 졸음방지 솔루션 개발 프로젝트
23-5-8,월,14:00~14:50,파이썬과 CNN을 활용한 졸음방지 솔루션 개발 프로젝트
23-5-8,월,15:00~15:50,파이썬과 CNN을 활용한 졸음방지 솔루션 개발 프로젝트
23-5-9,화,09:10~10:00,파이썬과 CNN을 활용한 졸음방지 솔루션 개발 프로젝트
23-5-9,화,10:10~11:00,파이썬과 CNN을 활용한 졸음방지 솔루션 개발 프로젝트
23-5-9,화,11:10~12:00,파이썬과 CNN을 활용한 졸음방지 솔루션 개발 프로젝트
23-5-9,화,12:10~13:00,파이썬과 CNN을 활용한 졸음방지 솔루션 개발 프로젝트
23-5-9,화,14:00~14:50,파이썬과 CNN을 활용한 졸음방지 솔루션 개발 프로젝트
23-5-9,화,15:00~15:50,파이썬과 CNN을 활용한 졸음방지 솔루션 개발 프로젝트
23-5-9,화,16:00~16:50,파이썬과 CNN을 활용한 졸음방지 솔루션 개발 프로젝트
23-5-10,수,09:10~10:00,머신러닝 딥러닝 활용 프로젝트
23-5-10,수,10:10~11:00,머신러닝 딥러닝 활용 프로젝트
23-5-10,수,11:10~12:00,머신러닝 딥러닝 활용 프로젝트
23-5-10,수,12:10~13:00,머신러닝 딥러닝 활용 프로젝트
23-5-10,수,14:00~14:50,머신러닝 딥러닝 활용 프로젝트
23-5-10,수,15:00~15:50,머신러닝 딥러닝 활용 프로젝트
23-5-11,목,09:10~10:00,머신러닝 딥러닝 활용 프로젝트
23-5-11,목,10:10~11:00,머신러닝 딥러닝 활용 프로젝트
23-5-11,목,11:10~12:00,머신러닝 딥러닝 활용 프로젝트
23-5-11,목,12:10~13:00,머신러닝 딥러닝 활용 프로젝트
23-5-11,목,14:00~14:50,머신러닝 딥러닝 활용 프로젝트
23-5-11,목,15:00~15:50,머신러닝 딥러닝 활용 프로젝트
23-5-11,목,16:00~16:50,머신러닝 딥러닝 활용 프로젝트
23-5-12,금,09:10~10:00,머신러닝 딥러닝 활용 프로젝트
23-5-12,금,10:10~11:00,머신러닝 딥러닝 활용 프로젝트
23-5-12,금,11:10~12:00,머신러닝 딥러닝 활용 프로젝트
23-5-12,금,12:10~13:00,머신러닝 딥러닝 활용 프로젝트
23-5-12,금,14:00~14:50,머신러닝 딥러닝 활용 프로젝트
23-5-12,금,15:00~15:50,머신러닝 딥러닝 활용 프로젝트
23-5-15,월,09:10~10:00,파이썬과 CNN을 활용한 졸음방지 솔루션 개발 프로젝트
23-5-15,월,10:10~11:00,파이썬과 CNN을 활용한 졸음방지 솔루션 개발 프로젝트
23-5-15,월,11:10~12:00,파이썬과 CNN을 활용한 졸음방지 솔루션 개발 프로젝트
23-5-15,월,12:10~13:00,파이썬과 CNN을 활용한 졸음방지 솔루션 개발 프로젝트
23-5-15,월,14:00~14:50,파이썬과 CNN을 활용한 졸음방지 솔루션 개발 프로젝트
23-5-15,월,15:00~15:50,파이썬과 CNN을 활용한 졸음방지 솔루션 개발 프로젝트
23-5-16,화,09:10~10:00,파이썬과 CNN을 활용한 졸음방지 솔루션 개발 프로젝트
23-5-16,화,10:10~11:00,파이썬과 CNN을 활용한 졸음방지 솔루션 개발 프로젝트
23-5-16,화,11:10~12:00,파이썬과 CNN을 활용한 졸음방지 솔루션 개발 프로젝트
23-5-16,화,12:10~13:00,파이썬과 CNN을 활용한 졸음방지 솔루션 개발 프로젝트
23-5-16,화,14:00~14:50,파이썬과 CNN을 활용한 졸음방지 솔루션 개발 프로젝트
23-5-16,화,15:00~15:50,파이썬과 CNN을 활용한 졸음방지 솔루션 개발 프로젝트
23-5-16,화,16:00~16:50,파이썬과 CNN을 활용한 졸음방지 솔루션 개발 프로젝트
23-5-17,수,09:10~10:00,머신러닝 딥러닝 활용 프로젝트
23-5-17,수,10:10~11:00,머신러닝 딥러닝 활용 프로젝트
23-5-17,수,11:10~12:00,머신러닝 딥러닝 활용 프로젝트
23-5-17,수,12:10~13:00,머신러닝 딥러닝 활용 프로젝트
23-5-17,수,14:00~14:50,재량교과
23-5-17,수,15:00~15:50,재량교과
23-5-18,목,09:10~10:00,머신러닝 딥러닝 활용 프로젝트
23-5-18,목,10:10~11:00,머신러닝 딥러닝 활용 프로젝트
23-5-18,목,11:10~12:00,머신러닝 딥러닝 활용 프로젝트
23-5-18,목,12:10~13:00,머신러닝 딥러닝 활용 프로젝트
23-5-18,목,14:00~14:50,머신러닝 딥러닝 활용 프로젝트
23-5-18,목,15:00~15:50,머신러닝 딥러닝 활용 프로젝트
23-5-18,목,16:00~16:50,머신러닝 딥러닝 활용 프로젝트
23-5-19,금,09:10~10:00,머신러닝 딥러닝 활용 프로젝트
23-5-19,금,10:10~11:00,머신러닝 딥러닝 활용 프로젝트
23-5-19,금,11:10~12:00,머신러닝 딥러닝 활용 프로젝트
23-5-19,금,12:10~13:00,머신러닝 딥러닝 활용 프로젝트
23-5-19,금,14:00~14:50,머신러닝 딥러닝 활용 프로젝트
23-5-19,금,15:00~15:50,머신러닝 딥러닝 활용 프로젝트
23-5-22,월,09:10~10:00,파이썬과 CNN을 활용한 졸음방지 솔루션 개발 프로젝트
23-5-22,월,10:10~11:00,파이썬과 CNN을 활용한 졸음방지 솔루션 개발 프로젝트
23-5-22,월,11:10~12:00,파이썬과 CNN을 활용한 졸음방지 솔루션 개발 프로젝트
23-5-22,월,12:10~13:00,파이썬과 CNN을 활용한 졸음방지 솔루션 개발 프로젝트
23-5-22,월,14:00~14:50,머신러닝 딥러닝 활용 프로젝트
23-5-22,월,15:00~15:50,머신러닝 딥러닝 활용 프로젝트
23-5-23,화,09:10~10:00,머신러닝 딥러닝 활용 프로젝트
23-5-23,화,10:10~11:00,머신러닝 딥러닝 활용 프로젝트
23-5-23,화,11:10~12:00,머신러닝 딥러닝 활용 프로젝트
23-5-23,화,12:10~13:00,머신러닝 딥러닝 활용 프로젝트
23-5-23,화,14:00~14:50,머신러닝 딥러닝 활용 프로젝트
23-5-23,화,15:00~15:50,머신러닝 딥러닝 활용 프로젝트
23-5-24,수,09:10~10:00,머신러닝 딥러닝 활용 프로젝트
23-5-24,수,10:10~11:00,머신러닝 딥러닝 활용 프로젝트
23-5-24,수,11:10~12:00,머신러닝 딥러닝 활용 프로젝트
23-5-24,수,12:10~13:00,머신러닝 딥러닝 활용 프로젝트
23-5-24,수,14:00~14:50,재량교과